City,Cloudiness,Country,Date,Humidity,Temp,Lat,Lng,Wind Speed
albany,100,US,1612987807,44,28.99,42.6001,-73.9662,1.01
victoria,98,HK,1612987754,88,61.0,22.2855,114.1577,4.68
santa cruz,90,BO,1612987814,83,73.4,-17.8,-63.1667,12.66
mehamn,40,NO,1612988046,63,23.0,71.0357,27.8492,19.57
katherine,75,AU,1612988047,89,78.8,-14.4667,132.2667,4.61
punta arenas,0,CL,1612987984,52,68.0,-53.15,-70.9167,8.05
bonavista,97,CA,1612988047,80,28.0,48.6499,-53.1147,9.22
mende,43,FR,1612988048,100,29.26,44.6667,3.5,6.13
tabuk,1,PH,1612988048,90,68.29,17.4189,121.4443,2.62
vostok,76,RU,1612988048,92,-4.27,46.4856,135.8833,4.56
kawalu,72,ID,1612988048,92,72.07,-7.3817,108.2082,1.43
hambantota,100,LK,1612988048,73,73.45,6.1241,81.1185,15.73
cotui,20,DO,1612988049,78,86.0,19.0527,-70.1494,7.31
rusne,75,LT,1612988050,85,10.0,55.2964,21.3758,2.24
sterling,90,US,1612987798,60,41.0,39.0062,-77.4286,3.44
mataura,100,NZ,1612988052,91,49.37,-46.1927,168.8643,12.41
qaqortoq,20,GL,1612988052,27,33.8,60.7167,-46.0333,24.16
sarmanovo,0,RU,1612988052,77,-5.8,55.2553,52.5891,6.71
puerto ayora,75,EC,1612988053,94,77.0,-0.7393,-90.3518,1.14
kiunga,100,PG,1612988054,98,73.15,-6.1219,141.2906,2.55
mount isa,0,AU,1612988054,78,78.8,-20.7333,139.5,5.75
ushuaia,0,AR,1612987891,27,77.0,-54.8,-68.3,20.71
rikitea,44,PF,1612988054,73,79.12,-23.1203,-134.9692,12.24
new norfolk,0,AU,1612988055,70,53.01,-42.7826,147.0587,2.66
qrendi,0,MT,1612988056,63,64.0,35.8347,14.4583,13.8
alofi,75,NU,1612988057,89,82.4,-19.0595,-169.9187,5.75
hermanus,11,ZA,1612988005,80,70.0,-34.4187,19.2345,3.0
kashi,95,CN,1612988058,27,50.0,39.4547,75.9797,13.42
havre-saint-pierre,1,CA,1612988058,48,12.2,50.2334,-63.5986,16.11
busselton,5,AU,1612988059,98,55.0,-33.65,115.3333,7.83
hobart,0,AU,1612987809,71,55.4,-42.8794,147.3294,6.91
caravelas,49,BR,1612988059,68,80.24,-17.7125,-39.2481,7.56
cidreira,68,BR,1612988060,77,76.66,-30.1811,-50.2056,14.25
trincomalee,100,LK,1612988060,68,75.88,8.5711,81.2335,11.56
atuona,1,PF,1612988060,77,79.0,-9.8,-139.0333,18.63
bambanglipuro,63,ID,1612988060,86,76.48,-7.95,110.2833,3.31
thompson,75,CA,1612988061,69,-20.2,55.7435,-97.8558,6.91
tuktoyaktuk,20,CA,1612988062,68,-29.2,69.4541,-133.0374,8.05
dikson,82,RU,1612988063,89,-20.96,73.5069,80.5464,8.52
bluff,100,NZ,1612988064,89,53.06,-46.6,168.3333,35.14
arraial do cabo,40,BR,1612987797,73,82.4,-22.9661,-42.0278,9.22
avarua,20,CK,1612988064,74,84.2,-21.2078,-159.775,10.36
cascais,56,PT,1612988064,95,59.0,38.6979,-9.4215,9.78
lagoa,90,PT,1612988065,66,57.92,39.05,-27.9833,33.73
kamaishi,10,JP,1612988065,90,31.75,39.2667,141.8833,9.48
port alfred,10,ZA,1612988065,94,73.0,-33.5906,26.891,9.57
jacqueville,0,CI,1612988066,89,82.4,5.2052,-4.4146,8.05
butaritari,79,KI,1612988066,76,81.5,3.0707,172.7902,16.49
krasnaya gora,90,RU,1612988066,85,12.2,52.9995,31.6023,6.71
vaini,75,TO,1612988067,89,78.8,-21.2,-175.2,9.22
seymchan,75,RU,1612988067,87,-9.92,62.8833,152.4333,4.23
aykhal,75,RU,1612988067,85,-22.92,66.0,111.5,5.5
moindou,75,NC,1612988067,100,69.8,-21.6924,165.677,3.44
sorland,40,NO,1612988067,86,19.4,67.667,12.6934,3.44
esperance,90,AU,1612988068,77,57.2,-33.8667,121.9,6.91
eyemouth,25,GB,1612988068,91,24.01,55.8713,-2.0901,9.93
tura,0,IN,1612988069,42,61.32,25.5198,90.2201,2.62
clyde river,0,CA,1612988069,92,6.8,70.4692,-68.5914,43.73
mahebourg,40,MU,1612987812,83,78.8,-20.4081,57.7,13.8
teguise,20,ES,1612988069,77,64.4,29.0605,-13.564,5.75
qaanaaq,94,GL,1612988069,71,2.82,77.484,-69.3632,11.86
korla,100,CN,1612988069,75,34.11,41.7597,86.1469,8.48
kruisfontein,34,ZA,1612988070,87,73.0,-34.0033,24.7314,1.01
airai,100,TL,1612988070,100,61.02,-8.9266,125.4092,1.48
nome,1,US,1612988070,53,-13.0,64.5011,-165.4064,10.36
bredasdorp,64,ZA,1612988070,77,68.0,-34.5322,20.0403,6.91
provideniya,0,RU,1612987933,70,-11.2,64.3833,-173.3,15.66
manggar,100,ID,1612988071,88,78.51,-2.8833,108.2667,8.9
baykit,100,RU,1612988071,85,-11.58,61.67,96.37,2.93
ginda,0,IN,1612988071,39,44.29,30.6945,78.4932,7.18
princeton,75,US,1612988071,65,82.99,25.5384,-80.4089,10.36
saskylakh,0,RU,1612988072,84,-21.06,71.9167,114.0833,9.66
torbay,75,CA,1612988074,80,27.0,47.6666,-52.7314,17.27
bastia,0,FR,1612988074,43,57.0,42.6667,9.3333,9.22
saint anthony,1,US,1612988074,47,8.6,45.0205,-93.218,14.97
puerto maldonado,90,PE,1612988074,100,71.6,-12.6,-69.1833,9.22
entre rios,18,BR,1612988074,64,82.31,-11.9419,-38.0844,10.87
codrington,95,AU,1612988075,64,65.43,-38.2667,141.9667,7.0
cardston,100,CA,1612987859,58,-11.2,49.2,-113.3019,2.3
castro,23,BR,1612988075,81,69.91,-24.7911,-50.0119,5.21
salalah,0,OM,1612988076,27,77.0,17.0151,54.0924,6.91
kainantu,47,PG,1612988077,92,58.73,-6.2887,145.8655,4.14
goderich,100,CA,1612988077,62,17.6,43.7501,-81.7165,8.05
te anau,100,NZ,1612988077,86,49.86,-45.4167,167.7167,7.18
ancona,75,IT,1612988079,81,51.01,43.55,13.1667,3.44
payson,75,US,1612988079,53,46.99,40.0444,-111.7321,3.44
ribeira grande,40,PT,1612988079,63,60.8,38.5167,-28.7,28.77
deniliquin,0,AU,1612988079,55,70.0,-35.5333,144.9667,6.89
ikwiriri,100,TZ,1612988080,92,75.18,-7.9562,38.9716,1.83
nikolskoye,40,RU,1612988080,85,8.01,59.7035,30.7861,4.47
tulsipur,0,NP,1612988080,59,54.72,28.131,82.2973,4.72
karratha,0,AU,1612988081,49,85.19,-20.7377,116.8463,13.94
bambous virieux,75,MU,1612988081,78,78.8,-20.3428,57.7575,11.5
samarai,100,PG,1612988081,78,81.54,-10.6167,150.6667,8.81
tasiilaq,75,GL,1612988081,52,10.4,65.6145,-37.6368,4.61
tigil,78,RU,1612988081,92,17.91,57.8,158.6667,7.14
trapani,40,IT,1612987937,94,59.0,37.8333,12.6667,13.8
whitianga,94,NZ,1612988082,84,63.0,-36.8333,175.7,3.0
portland,75,US,1612987791,61,44.01,45.5234,-122.6762,3.44
port moresby,40,PG,1612988082,94,75.2,-9.4431,147.1797,5.75
kuching,20,MY,1612987986,94,77.0,1.55,110.3333,3.44
cape town,0,ZA,1612987923,73,71.6,-33.9258,18.4232,16.11
asau,90,RO,1612988084,69,37.0,46.4333,26.4,1.25
vaitape,0,PF,1612988084,70,81.25,-16.5167,-151.75,11.48
cuiluan,43,CN,1612988084,92,3.04,47.72,128.648,2.46
chokurdakh,89,RU,1612988085,89,-11.78,70.6333,147.9167,9.57
gold coast,75,AU,1612987810,88,66.99,-28.0,153.4333,8.05
sedhiou,0,SN,1612988085,33,91.4,12.7081,-15.5569,2.51
zhoucheng,0,CN,1612988086,68,41.49,35.9122,116.3117,6.17
trofors,0,NO,1612988086,84,-4.0,65.5333,13.4063,3.44
kutum,0,SD,1612988087,29,62.69,14.2,24.6667,8.57
christchurch,0,NZ,1612987806,34,64.99,-43.5333,172.6333,9.22
skelleftea,0,SE,1612988087,84,3.0,64.7507,20.9528,6.91
brae,20,GB,1612988088,80,32.0,60.3964,-1.353,8.05
kahului,40,US,1612988064,60,75.2,20.8947,-156.47,17.27
jamestown,75,US,1612988088,58,24.01,42.097,-79.2353,4.61
nelson bay,20,AU,1612988089,100,63.0,-32.7167,152.15,1.14
lashio,0,MM,1612988090,78,50.49,22.9333,97.75,1.68
kodiak,90,US,1612988090,75,37.4,57.79,-152.4072,20.71
hualmay,72,PE,1612988091,60,77.31,-11.0964,-77.6139,8.19
kapaa,20,US,1612988091,53,73.4,22.0752,-159.319,11.5
shahr-e babak,100,IR,1612988091,40,51.03,30.1165,55.1186,1.86
deputatskiy,49,RU,1612988092,89,-23.62,69.3,139.9,2.06
san joaquin,1,US,1612988092,59,62.6,37.9333,-121.3011,10.36
mahon,0,ES,1612988092,81,48.2,39.8885,4.2658,5.75
tiksi,100,RU,1612988093,87,-12.26,71.6872,128.8694,4.05
labuhan,100,ID,1612988094,88,77.02,-6.8844,112.2051,4.99
saint-pierre,0,RE,1612988094,69,80.6,-21.3393,55.4781,4.61
severo-kurilsk,100,RU,1612988095,88,24.01,50.6789,156.125,0.85
the valley,40,AI,1612988095,69,84.2,18.217,-63.0578,17.27
barrow,1,US,1612988095,68,-25.6,71.2906,-156.7887,10.36
georgetown,20,MY,1612987818,83,80.6,5.4112,100.3354,3.44
flin flon,75,CA,1612988096,52,-20.2,54.7682,-101.865,6.91
quatre cocos,75,MU,1612988097,78,78.8,-20.2078,57.7625,11.5
aripuana,99,BR,1612988098,90,81.73,-9.1667,-60.6333,1.88
aklavik,0,CA,1612988098,68,-25.6,68.2191,-135.0107,3.44
brooks,87,CA,1612988099,52,-14.8,50.5834,-111.8851,11.5
leeston,0,NZ,1612988100,34,64.99,-43.7667,172.3,9.22
ust-barguzin,63,RU,1612988101,92,6.96,53.45,108.9833,4.0
bethel,1,US,1612988102,43,32.0,41.3712,-73.414,4.61
kovernino,99,RU,1612988103,94,3.31,57.1253,43.8142,7.7
yellowknife,20,CA,1612987932,70,-7.01,62.456,-114.3525,6.91
vangaindrano,100,MG,1612988103,88,74.07,-23.35,47.6,3.0
east london,1,ZA,1612988104,85,76.21,-33.0153,27.9116,12.5
talaya,100,RU,1612988105,89,-6.9,61.3833,152.75,1.74
vulcan,96,RO,1612988106,90,41.72,45.3833,23.2667,4.83
port elizabeth,40,ZA,1612987941,94,73.4,-33.918,25.5701,5.75
sibi,0,PK,1612988064,24,65.37,29.5448,67.8764,1.7
hobyo,72,SO,1612988107,75,77.41,5.3505,48.5268,21.0
nemuro,36,JP,1612988054,89,22.21,43.3236,145.575,12.24
camacha,75,PT,1612988108,94,62.6,33.0833,-16.3333,4.61
mandalgovi,93,MN,1612988110,91,21.72,45.7625,106.2708,23.89
ulaangom,0,MN,1612988110,66,2.17,49.9811,92.0667,4.74
faanui,0,PF,1612988111,66,81.54,-16.4833,-151.75,10.6
isoka,100,ZM,1612988112,98,62.82,-10.1606,32.6335,2.89
batticaloa,34,LK,1612988113,69,73.63,7.7102,81.6924,6.35
fort nelson,90,CA,1612987984,77,-5.8,58.8053,-122.7002,4.07
clyde,100,US,1612988114,74,19.99,41.3042,-82.9752,8.72
nenagh,75,IE,1612988115,60,35.6,52.8619,-8.1967,12.66
portmore,20,JM,1612988116,74,84.99,17.9702,-76.8672,17.27
yulara,40,AU,1612988117,58,86.0,-25.2406,130.9889,10.36
muhos,90,FI,1612988117,77,-7.6,64.808,25.9931,4.61
havoysund,75,NO,1612988118,86,24.8,70.9963,24.6622,8.05
heishan,0,CN,1612988118,90,28.35,41.6892,122.1128,9.24
mar del plata,40,AR,1612987857,78,69.8,-38.0023,-57.5575,17.27
angoche,100,MZ,1612988119,87,78.76,-16.2325,39.9086,10.92
podporozhye,100,RU,1612988119,92,-2.47,60.9112,34.1706,3.02
southbridge,100,US,1612988120,37,30.0,42.0751,-72.0334,8.48
sangar,0,RU,1612988122,84,-18.09,63.9242,127.4739,3.0
nacala,100,MZ,1612988123,91,77.23,-14.5428,40.6728,12.97
port shepstone,97,ZA,1612988123,86,77.14,-30.7414,30.455,14.56
kautokeino,100,NO,1612988124,91,8.76,69.0125,23.0412,3.47
tabou,4,CI,1612988125,86,79.66,4.423,-7.3528,7.38
atambua,100,ID,1612988125,86,74.5,-9.1061,124.8925,1.57
lubao,75,PH,1612988126,88,75.2,14.9167,120.55,4.61
lengshuijiang,99,CN,1612988127,90,49.06,27.6881,111.4294,2.66
hilo,40,US,1612987990,53,77.0,19.7297,-155.09,8.05
ouadda,82,CF,1612988128,22,70.88,8.0777,22.4007,4.54
meadow lake,75,US,1612988128,20,60.01,34.8014,-106.5436,4.61
nyurba,100,RU,1612988129,90,-11.92,63.2842,118.3319,4.07
anadyr,0,RU,1612988130,69,-18.4,64.75,177.4833,2.24
muros,100,ES,1612988130,90,52.0,42.7762,-9.0603,3.0
bilibino,91,RU,1612988131,85,-8.34,68.0546,166.4372,2.35
acajutla,40,SV,1612988132,40,87.8,13.5928,-89.8275,2.3
ust-ilimsk,100,RU,1612988132,91,-0.72,58.0006,102.6619,4.41
canico,75,PT,1612988132,82,64.4,32.6333,-16.85,1.14
uglekamensk,14,RU,1612988132,93,11.71,43.2172,133.2303,3.02
gualeguay,100,AR,1612988133,41,82.9,-33.1416,-59.3097,6.78
urengoy,100,RU,1612988133,86,-22.94,65.9667,78.3667,9.08
carnarvon,0,AU,1612988133,94,69.8,-24.8667,113.6333,21.85
ponta do sol,87,PT,1612988134,75,60.01,32.6667,-17.1,1.99
berlevag,75,NO,1612988134,63,23.0,70.8578,29.0864,19.57
coffeyville,90,US,1612988134,73,19.4,37.0373,-95.6164,12.66
souillac,75,MU,1612988135,78,78.8,-20.5167,57.5167,11.5
saldanha,0,ZA,1612988135,73,68.0,-33.0117,17.9442,14.97
boyolangu,36,ID,1612988135,88,74.34,-8.1181,111.8935,1.25
devils lake,20,US,1612987858,64,-9.0,48.1128,-98.8651,14.97
chuy,71,UY,1612988136,75,75.6,-33.6971,-53.4616,11.97
rundu,100,NA,1612988136,94,67.15,-17.9333,19.7667,8.9
norman wells,75,CA,1612988136,68,-31.0,65.282,-126.8329,7.05
lebu,0,CL,1612988136,64,69.19,-37.6167,-73.65,6.91
longyearbyen,90,SJ,1612988136,72,10.4,78.2186,15.6401,23.02
cartagena,40,CO,1612988137,66,87.8,10.3997,-75.5144,14.97
bili oslavy,100,UA,1612987934,94,33.71,48.4872,24.7008,3.91
chiredzi,73,ZW,1612988137,90,72.48,-21.05,31.6667,6.17
wanning,36,CN,1612988138,87,60.31,18.8003,110.3967,9.01
saint-georges,75,GD,1612988138,74,80.6,12.0564,-61.7485,25.32
bereda,100,ES,1612988138,75,48.99,43.2686,-7.5406,7.0
upernavik,15,GL,1612988138,92,1.69,72.7868,-56.1549,11.23
saint george,1,US,1612987862,31,63.0,37.1041,-113.5841,4.61
bubaque,30,GW,1612988138,78,77.36,11.2833,-15.8333,13.65
nerchinskiy zavod,99,RU,1612988139,93,-1.05,51.3088,119.61,0.94
klaksvik,88,FO,1612988139,80,23.0,62.2266,-6.589,1.14
bonthe,94,SL,1612988140,80,80.01,7.5264,-12.505,9.75
jejuri,1,IN,1612988140,27,66.96,18.2833,74.1667,8.01
udachnyy,85,RU,1612988140,85,-21.78,66.4167,112.4,5.57
fauske,40,NO,1612988140,86,17.6,67.2588,15.3918,10.36
valcau de jos,75,RO,1612988140,81,50.0,47.1167,22.7333,6.91
gizo,100,SB,1612988141,75,82.78,-8.103,156.8419,8.16
bergen,0,NO,1612988141,73,25.0,60.392,5.328,6.91
abu samrah,0,SY,1612988141,82,52.48,35.3029,37.1841,7.52
whitewater,100,US,1612988128,60,12.0,42.8336,-88.7323,3.0
vila franca do campo,20,PT,1612988141,82,60.8,37.7167,-25.4333,18.41
sao joao da barra,0,BR,1612988141,57,82.4,-21.6403,-41.0511,16.11
dickinson,90,US,1612988133,78,71.6,29.4608,-95.0513,9.22
san patricio,75,US,1612988142,65,82.4,28.017,-97.5169,12.66
flinders,22,AU,1612988142,88,62.01,-34.5833,150.8552,1.01
belen,40,TR,1612988142,88,57.2,36.4891,36.2233,9.22
belmonte,40,BR,1612988142,65,80.6,-15.8631,-38.8828,12.66
marawi,89,PH,1612988143,93,73.99,7.9986,124.2928,5.01
geraldton,0,AU,1612988144,82,59.0,-28.7667,114.6,9.22
westport,1,US,1612988146,59,33.01,41.1415,-73.3579,9.22
porbandar,100,IN,1612988146,56,66.11,21.6422,69.6093,5.21
itoman,75,JP,1612988012,88,64.4,26.1247,127.6694,19.57
los llanos de aridane,75,ES,1612988055,77,66.2,28.6585,-17.9182,4.61
sisimiut,0,GL,1612988146,86,15.01,66.9395,-53.6735,5.08
touros,40,BR,1612988147,70,84.2,-5.1989,-35.4608,13.8
vardo,90,NO,1612988148,86,21.2,70.3705,31.1107,29.93
evensk,11,RU,1612988148,88,8.6,61.95,159.2333,11.43
cockburn town,0,TC,1612988149,77,77.32,21.4612,-71.1419,12.24
pandan,29,PH,1612988149,86,76.41,14.0453,124.1694,5.44
ukiah,1,US,1612988062,44,60.8,39.1502,-123.2078,3.89
komsomolskiy,100,UZ,1612988152,76,46.4,40.4272,71.7189,4.61
ilulissat,1,GL,1612988152,38,15.8,69.2167,-51.1,18.41
soyo,100,AO,1612988153,81,80.78,-6.1349,12.3689,5.26
bismarck,1,US,1612988101,42,1.4,46.8083,-100.7837,12.66
pevek,0,RU,1612988154,70,-13.11,69.7008,170.3133,1.01
chicama,3,PE,1612988154,65,78.8,-7.8447,-79.1469,10.36
luoyang,0,CN,1612988154,99,46.0,34.6836,112.4536,2.28
porangatu,14,BR,1612988155,82,80.64,-13.4408,-49.1486,1.68
port-gentil,20,GA,1612988155,84,84.2,-0.7193,8.7815,8.05
sheridan,1,US,1612988155,66,9.0,44.8333,-106.9173,3.33
nanortalik,43,GL,1612988156,89,23.83,60.1432,-45.2371,9.98
buturlinovka,100,RU,1612988159,97,32.95,50.8239,40.6092,9.04
rong kwang,0,TH,1612988159,54,64.99,18.339,100.3174,2.26
pitimbu,75,BR,1612988160,70,84.2,-7.4706,-34.8086,13.8
henties bay,92,NA,1612988161,89,68.0,-22.116,14.2845,6.33
pingliang,100,CN,1612988162,70,39.85,35.5392,106.6861,4.27
tual,100,ID,1612988163,77,83.28,-5.6667,132.75,13.27
beringovskiy,24,RU,1612987933,87,-21.19,63.05,179.3167,12.68
saraland,90,US,1612988164,94,64.4,30.8207,-88.0706,3.44
dauphin,75,CA,1612988164,58,-13.0,51.1494,-100.0502,14.97
muskogee,90,US,1612987976,93,24.8,35.5834,-95.3336,16.11
eureka,0,US,1612987982,75,55.99,40.8021,-124.1637,5.01
morehead,90,US,1612988166,86,33.8,37.2711,-87.1764,5.75
vestmannaeyjar,100,IS,1612988167,67,41.22,63.4427,-20.2734,24.52
tiarei,40,PF,1612988168,88,73.4,-17.5333,-149.3333,21.85
fortuna,1,US,1612988169,71,57.0,40.5982,-124.1573,5.75
mao,0,ES,1612988092,81,48.2,39.8885,4.2658,5.75
duldurga,100,RU,1612988170,95,15.96,50.6761,113.5931,3.29
egvekinot,5,RU,1612988171,81,-27.22,66.3167,-179.1667,14.03
shenkursk,0,RU,1612988171,88,-9.87,62.1091,42.896,3.67
ust-abakan,0,RU,1612988172,60,1.4,53.8525,91.3742,6.71
parabel,100,RU,1612988173,90,-9.76,58.6978,81.4825,8.59
flexeiras,75,BR,1612988174,69,82.4,-9.1975,-35.7808,11.5
padang,40,ID,1612988131,88,73.4,-0.9492,100.3543,2.3
namatanai,75,PG,1612988175,81,79.48,-3.6667,152.4333,3.87
hailar,96,CN,1612988176,93,11.88,49.2,119.7,7.31
pacific grove,20,US,1612988112,76,57.99,36.6177,-121.9166,6.91
zhanaozen,0,KZ,1612988178,64,42.96,43.3,52.8,10.63
saint-philippe,0,RE,1612988179,69,80.6,-21.3585,55.7679,4.61
sao felix do xingu,99,BR,1612988092,92,79.74,-6.6447,-51.995,2.17
wenling,100,CN,1612988180,94,55.0,28.3669,121.36,12.88
husavik,90,IS,1612988181,92,15.8,66.0449,-17.3389,3.44
pisco,75,PE,1612988181,73,77.0,-13.7,-76.2167,10.36
lompoc,1,US,1612988182,67,63.0,34.6391,-120.4579,18.41
abnub,0,EG,1612988183,48,66.2,27.2696,31.1511,8.05
thinadhoo,53,MV,1612988183,76,81.37,0.5333,72.9333,12.66
suoyarvi,52,RU,1612988183,92,-3.95,62.0833,32.35,1.66
mwinilunga,100,ZM,1612988184,93,64.96,-11.7358,24.4293,3.44
ndende,99,GA,1612988185,93,74.93,-2.4008,11.3581,3.04
khatanga,92,RU,1612988185,84,-17.41,71.9667,102.5,5.14
warrnambool,75,AU,1612988185,88,64.0,-38.3833,142.4833,5.99
purwodadi,96,ID,1612988183,91,75.94,-7.0868,110.9158,2.82
kalmunai,64,LK,1612988186,76,71.76,7.4167,81.8167,6.29
nisia floresta,75,BR,1612988187,70,84.2,-6.0911,-35.2086,13.8
mount gambier,43,AU,1612988188,60,68.0,-37.8333,140.7667,6.91
champerico,75,GT,1612988189,55,91.4,14.3,-91.9167,9.22
ambilobe,100,MG,1612988189,90,75.22,-13.2,49.05,0.85
natal,75,BR,1612988001,74,84.2,-5.795,-35.2094,14.97
privolnyy,100,RU,1612988189,83,46.49,44.0998,46.6587,12.64
olafsvik,100,IS,1612988189,83,36.36,64.8945,-23.7142,16.08
alice springs,40,AU,1612988190,61,84.2,-23.7,133.8833,9.22
kaitangata,89,NZ,1612988191,54,57.0,-46.2817,169.8464,14.0
leningradskiy,3,RU,1612988191,83,-28.73,69.3833,178.4167,9.91
kananga,100,CD,1612988192,87,72.91,-5.8958,22.4178,3.71
gat,0,IL,1612988192,100,61.0,31.61,34.7642,4.59
narsaq,20,GL,1612988193,27,33.8,60.9167,-46.05,24.16
pingshan,98,CN,1612987924,92,61.0,22.9938,114.7131,3.29
jijiga,17,ET,1612988193,44,56.8,9.35,42.8,8.88
merauke,100,ID,1612988194,91,78.28,-8.4667,140.3333,7.96
nuuk,75,GL,1612988195,93,24.8,64.1835,-51.7216,8.05
chipata,100,ZM,1612988066,96,67.19,-13.6333,32.65,4.72
sola,24,VU,1612988195,75,81.9,-13.8833,167.55,12.28
dombarovskiy,100,RU,1612988195,93,2.41,50.7587,59.5386,14.58
petlawad,100,IN,1612988196,26,66.78,23.0,74.8,0.89
tuatapere,100,NZ,1612988196,90,51.26,-46.1333,167.6833,16.89
ekibastuz,100,KZ,1612988196,85,-17.7,51.6667,75.3667,7.36
laguna,1,US,1612988196,63,64.99,38.421,-121.4238,5.75
shimoda,0,JP,1612988197,61,39.0,34.6667,138.95,18.79
ancud,0,CL,1612988198,42,84.2,-41.8697,-73.8203,6.91
pacifica,20,US,1612988063,63,60.01,37.6138,-122.4869,17.27
charyshskoye,100,RU,1612988200,84,-8.66,51.3978,83.5598,2.57
itarema,86,BR,1612988200,71,83.01,-2.9248,-39.9167,14.45
vredendal,0,ZA,1612988200,49,74.93,-31.6683,18.5012,9.55
grindavik,75,IS,1612988200,93,33.8,63.8424,-22.4338,8.05
metro,51,ID,1612988201,95,74.53,-5.1131,105.3067,3.09
tarko-sale,100,RU,1612988201,86,-24.75,64.9225,77.785,13.91
aitape,100,PG,1612988203,85,77.77,-3.1374,142.3475,3.44
campbell river,90,CA,1612988205,59,30.99,50.0163,-125.2446,8.05
ust-nera,47,RU,1612988206,86,3.61,64.5667,143.2,5.23
praia da vitoria,20,PT,1612988206,72,59.0,38.7333,-27.0667,18.81
hamilton,90,US,1612988105,80,23.0,39.1834,-84.5333,5.75
gallup,1,US,1612988140,20,53.6,35.5281,-108.7426,10.36
port lincoln,39,AU,1612988206,44,76.17,-34.7333,135.8667,11.72
qianan,19,CN,1612988208,95,16.84,44.9932,124.0581,10.27
kloulklubed,75,PW,1612988209,83,80.6,7.0419,134.2556,6.91
roebourne,24,AU,1612988209,64,84.45,-20.7833,117.1333,12.8
auki,1,SB,1612988210,84,79.11,-8.7676,160.7034,5.55
maraba,75,BR,1612988210,79,86.0,-5.3686,-49.1178,4.61
atar,0,MR,1612988210,19,71.08,20.5169,-13.0499,9.4
yashkul,91,RU,1612988211,88,38.14,46.1711,45.3435,6.96
mujiayingzi,89,CN,1612988212,88,25.09,42.1167,118.7833,7.7
matagami,90,CA,1612988212,79,10.4,49.7502,-77.6328,8.05
sainte-suzanne,75,RE,1612988213,78,77.0,-20.9061,55.6089,12.66
svetlyy,75,RU,1612988214,85,10.0,54.675,20.1347,4.47
enid,90,US,1612988214,86,19.4,36.3956,-97.8784,6.91
coolum beach,94,AU,1612988214,94,68.0,-26.5333,153.1,1.99
ilo,47,PE,1612988215,71,73.6,-17.6394,-71.3375,7.18
kenai,90,US,1612988215,85,16.0,60.5544,-151.2583,10.36
maragogi,9,BR,1612988216,77,80.76,-9.0122,-35.2225,12.06
north augusta,1,US,1612988108,46,75.2,33.5018,-81.9651,4.61
netivot,0,IL,1612988217,100,61.0,31.4222,34.5886,4.81
puerto escondido,20,MX,1612988218,70,86.0,15.85,-97.0667,5.75
jalu,0,LY,1612988218,28,60.19,29.0331,21.5482,7.14
ayia marina,0,GR,1612988219,68,59.0,37.75,23.5333,1.01
joue-les-tours,0,FR,1612988220,80,24.8,47.3522,0.6691,5.75
mayo,90,US,1612988220,65,37.99,38.8876,-76.5119,5.75
bilma,0,NE,1612988222,18,71.38,18.6853,12.9164,6.38
miri,40,MY,1612988224,94,78.8,4.4148,114.0089,2.62
tres arroyos,0,AR,1612988225,29,82.72,-38.3739,-60.2798,12.24
kuusamo,90,FI,1612988225,84,-4.0,65.9667,29.1833,6.91
guerrero negro,92,MX,1612988226,60,60.8,27.9769,-114.0611,16.35
meulaboh,100,ID,1612987998,89,77.25,4.1363,96.1285,4.32
carballo,100,ES,1612988178,84,50.0,43.213,-8.691,7.0
roald,0,NO,1612988226,68,24.8,62.5833,6.1333,16.11
kaseda,100,JP,1612988226,57,50.54,31.4167,130.3167,10.11
santa rosa,90,PH,1612988228,94,75.2,14.3122,121.1114,4.61
boda,25,CF,1612988228,20,74.48,4.3189,17.4695,2.06
arlit,22,NE,1612988229,14,77.56,18.7369,7.3853,9.86
mahanoro,100,MG,1612988229,85,76.8,-19.9,48.8,3.22
svetlogorsk,100,BY,1612988231,95,7.09,52.6333,29.7333,5.53
bolshoy lug,90,RU,1612988231,92,8.6,52.0779,104.0919,4.47
banda aceh,62,ID,1612988232,79,78.85,5.5577,95.3222,4.79
tevaitoa,0,PF,1612988232,67,81.64,-16.7833,-151.5,11.03
port hedland,40,AU,1612988122,89,80.6,-20.3167,118.5667,5.75
ust-kut,25,RU,1612988232,88,-7.56,56.7938,105.7672,1.83
santa maria,40,BR,1612988167,78,78.8,-29.6842,-53.8069,2.3
padilla,75,CO,1612988233,78,73.4,3.2204,-76.3139,16.11
erenhot,68,CN,1612988233,90,31.69,43.6475,111.9767,16.15
adrar,80,MR,1612988234,18,70.05,20.5022,-10.0711,9.51
lavrentiya,0,RU,1612988236,80,-27.89,65.5833,-171.0,10.13
hithadhoo,72,MV,1612988236,76,81.84,-0.6,73.0833,11.68
porto novo,40,BJ,1612988236,79,86.0,6.4965,2.6036,12.66
panzhihua,0,CN,1612988236,77,44.01,26.5851,101.7128,0.38
arona,75,ES,1612988237,72,66.2,28.0996,-16.681,4.61
nouadhibou,0,MR,1612988237,68,68.0,20.931,-17.0347,16.11
bay saint louis,90,US,1612988239,94,66.2,30.3088,-89.33,5.75
baruun-urt,75,MN,1612988240,90,22.75,46.6806,113.2792,12.84
dzilam gonzalez,0,MX,1612988240,38,90.05,21.2833,-88.9333,7.74
kampong thum,75,KH,1612988240,77,72.81,12.7111,104.8887,3.56
broome,20,US,1612988241,45,25.0,42.2506,-75.833,6.91
uvat,0,RU,1612988241,86,-23.1,59.1433,68.8953,4.41
novobirilyussy,100,RU,1612988242,89,-6.48,56.9514,90.6661,7.49
carutapera,100,BR,1612988244,74,82.0,-1.195,-46.02,7.99
poncitlan,1,MX,1612988244,12,79.0,20.3667,-102.9167,9.22
sitka,1,US,1612988074,38,21.2,57.0531,-135.33,7.31
manokwari,100,ID,1612988245,81,78.6,-0.8667,134.0833,5.03
toora-khem,95,RU,1612988246,92,5.97,52.4675,96.11,5.41
rorvik,0,NO,1612988246,92,8.6,64.8621,11.2373,4.61
conil,91,FR,1612988247,100,31.32,44.9673,3.7177,6.24
gimli,100,CA,1612988248,70,-14.8,50.6336,-96.9907,1.14
berbera,51,SO,1612988248,66,75.81,10.4396,45.0143,7.05
aginskoye,97,RU,1612988250,94,10.96,51.1,114.53,2.35
hasaki,0,JP,1612988250,56,41.0,35.7333,140.8333,10.36
rocha,6,UY,1612988251,68,76.01,-34.4833,-54.3333,12.3
merrill,90,US,1612988251,51,5.0,45.1805,-89.6835,9.22
noyabrsk,100,RU,1612988251,86,-18.36,63.1994,75.4507,14.72
harper,27,LR,1612988251,85,79.52,4.375,-7.7169,7.4
naryan-mar,99,RU,1612988252,90,-9.89,67.6713,53.087,5.37
cove,0,BJ,1612988252,66,83.55,7.221,2.3402,8.88
port victoria,90,KE,1612988252,73,74.71,0.0939,33.9756,4.79
rush,20,IE,1612988253,60,36.0,53.5223,-6.0931,11.5
paamiut,65,GL,1612988253,82,21.67,61.994,-49.6678,3.56
farafangana,100,MG,1612988253,85,74.97,-22.8167,47.8333,2.1
nicoya,20,CR,1612988253,43,89.6,10.1483,-85.452,18.41
calvinia,0,ZA,1612988253,17,80.19,-31.4707,19.776,7.09
lagunas,100,PE,1612988254,71,86.13,-5.2269,-75.6753,4.5
huaicheng,95,CN,1612988254,88,55.89,23.9051,112.1931,3.06
bafq,71,IR,1612988255,31,58.15,31.6128,55.4107,0.78
vanavara,45,RU,1612988255,88,-15.07,60.34,102.2797,3.36
lucea,75,JM,1612988074,74,82.4,18.451,-78.1736,19.57
kaili,94,ID,1612988255,85,67.69,-3.4626,120.2147,2.98
woodward,90,US,1612988255,86,17.6,36.4337,-99.3904,11.27
lorengau,100,PG,1612988256,88,78.3,-2.0226,147.2712,24.27
turukhansk,97,RU,1612988256,89,-15.09,65.8167,87.9833,7.05
fairbanks,90,US,1612988221,71,-4.0,64.8378,-147.7164,3.4
la romana,40,DO,1612988257,74,82.4,18.4273,-68.9728,17.27
balykshi,90,KZ,1612988257,100,33.8,47.0667,51.8667,6.71
kavaratti,53,IN,1612988257,64,81.23,10.5669,72.642,6.98
pundaguitan,100,PH,1612988257,80,81.21,6.3711,126.1689,8.63
wembley,0,AU,1612988257,67,61.0,-31.9333,115.8,8.05
bengkulu,79,ID,1612988257,88,75.04,-3.8004,102.2655,3.96
inzhavino,100,RU,1612988258,96,12.11,52.3185,42.4937,12.93
imbituba,40,BR,1612988259,69,78.8,-28.24,-48.6703,11.5
praia,0,CV,1612988259,78,69.8,14.9215,-23.5087,14.97
prieska,11,ZA,1612988259,34,84.49,-29.6641,22.7474,8.55
lasa,75,IT,1612988259,80,36.0,46.6166,10.7002,5.75
kirkenaer,0,NO,1612988260,85,12.0,60.4564,12.0582,5.75
san antonio,90,US,1612988175,76,55.0,29.4241,-98.4936,9.22
popondetta,99,PG,1612988262,91,74.17,-8.7537,148.2534,2.37
talnakh,60,RU,1612988262,82,-13.4,69.4865,88.3972,4.47
smidovich,1,RU,1612988263,88,-1.35,48.6,133.8167,5.35
sao filipe,4,CV,1612988263,74,72.05,14.8961,-24.4956,8.32
andenes,40,NO,1612988263,86,28.4,69.3143,16.1194,21.85
okha,100,RU,1612988263,97,19.54,53.5739,142.9478,16.33
sabha,0,LY,1612988263,25,64.89,27.0377,14.4283,8.66
nizwa,99,OM,1612988264,37,64.9,22.9333,57.5333,5.44
northam,17,GB,1612988264,70,30.99,51.0333,-4.2167,3.0
sangolqui,40,EC,1612988225,53,71.6,-0.3341,-78.4522,16.11
madang,100,PG,1612988264,90,75.54,-5.2246,145.7966,6.24
constitucion,14,CL,1612988157,67,69.46,-35.3333,-72.4167,6.71
vega de alatorre,24,MX,1612988266,69,79.11,20.0333,-96.6333,11.21
san quintin,7,MX,1612988266,62,59.05,30.4833,-115.95,14.47
arzgir,47,RU,1612988266,80,41.77,45.3728,44.2206,8.52
vilhena,75,BR,1612988266,88,77.0,-12.7406,-60.1458,8.05
garissa,84,KE,1612988266,48,82.65,-0.4536,39.6401,14.9
pangnirtung,1,CA,1612988266,61,8.6,66.1451,-65.7125,3.44
xichang,73,CN,1612988267,60,46.71,27.8964,102.2634,0.81
burnie,89,AU,1612988267,85,55.17,-41.0667,145.9167,10.98
tombouctou,0,ML,1612988267,16,73.44,20.0,-3.0,9.71
hervey bay,14,AU,1612988267,85,69.01,-25.2986,152.8535,1.01
gayeri,5,BF,1612988267,13,81.52,12.6497,0.4931,9.26
hami,99,CN,1612988267,83,29.59,42.8,93.45,6.02
beihai,0,CN,1612988268,80,59.02,21.4833,109.1,14.36
derzhavinsk,100,KZ,1612988268,90,-4.54,51.1,66.3167,7.16
kokopo,89,PG,1612988268,84,77.86,-4.352,152.2633,6.2
humpolec,100,CZ,1612988268,88,12.99,49.5415,15.3593,1.99
mnogovershinnyy,100,RU,1612988268,96,6.51,53.9353,139.9242,8.3
palau,75,PW,1612988268,83,80.6,7.503,134.621,6.91
borgarnes,40,IS,1612988268,80,35.6,64.5383,-21.9206,11.5
iberia,20,US,1612988269,78,77.0,29.9502,-91.7507,9.22
alcala la real,75,ES,1612988269,100,54.0,37.4614,-3.923,4.61
mbocayaty,98,PY,1612988269,63,84.06,-25.7,-56.4,4.59
salina cruz,0,MX,1612988269,56,85.32,16.1667,-95.2,10.78
pestovo,74,RU,1612988269,93,-2.83,58.5938,35.8024,4.12
kinkala,97,CG,1612988269,93,71.85,-4.3614,14.7644,1.5
mandera,45,KE,1612988270,30,84.09,3.9366,41.867,7.23
shihezi,97,CN,1612988261,94,15.31,44.3,86.0333,1.5
raiganj,5,IN,1612988270,48,63.0,25.6167,88.1167,5.46
kibala,0,TD,1612988270,34,78.8,9.1104,18.3463,2.8
hofn,75,IS,1612988270,93,30.2,64.2539,-15.2082,4.61
poum,0,NC,1612988271,75,78.67,-20.2333,164.0167,15.73
muli,30,MV,1612988271,77,80.37,2.9167,73.5667,10.87
xuddur,77,SO,1612988271,36,76.33,4.1213,43.8894,13.31
katsuura,20,JP,1612988240,71,46.4,35.1333,140.3,9.22
chapais,75,CA,1612988262,72,6.8,49.7834,-74.8492,8.05
bungu,100,TZ,1612988272,91,75.02,-7.6337,39.0582,5.01
la ciotat,0,FR,1612988273,57,55.0,43.1748,5.6045,5.01
la plata,39,AR,1612988186,73,78.01,-34.9215,-57.9545,1.01
san ignacio,75,BZ,1612988273,51,89.6,17.1561,-89.0714,6.91
avera,90,US,1612988273,73,71.6,33.194,-82.5271,8.05
moskovskiy,75,RU,1612988273,78,8.01,55.5991,37.355,6.71
myanaung,0,MM,1612988165,48,64.45,18.2833,95.3167,3.18
karlstad,70,SE,1612988274,79,14.0,59.3793,13.5036,11.5
isangel,40,VU,1612988275,78,82.4,-19.55,169.2667,4.61
lala,86,PH,1612988275,87,74.53,7.9745,123.7458,1.68
ubatuba,75,BR,1612988276,73,75.2,-23.4339,-45.0711,10.36
picayune,66,US,1612988276,96,66.99,30.5255,-89.6795,5.26
stornoway,40,GB,1612987984,64,33.01,58.2093,-6.3865,12.66
teo,75,ES,1612988277,87,51.01,42.75,-8.5,5.75
waddan,0,LY,1612988279,23,66.85,29.1614,16.139,6.93
guiglo,91,CI,1612988279,50,83.71,6.5456,-7.4966,6.22
tabas,65,IR,1612988236,24,55.4,33.5959,56.9244,6.91
vao,21,NC,1612988280,82,76.39,-22.6667,167.4833,11.65
tsnori,40,GE,1612988281,71,50.0,41.6209,45.9694,9.22
iquique,0,CL,1612988281,50,77.0,-20.2208,-70.1431,11.5
lazaro cardenas,0,MX,1612988281,61,80.58,17.9583,-102.2,10.16
san juan del sur,0,NI,1612988282,58,86.0,11.2529,-85.8705,6.91
ostrovnoy,52,RU,1612988282,93,7.41,68.0531,39.5131,18.3
kummersbruck,90,DE,1612988283,79,15.8,49.4192,11.8883,5.75
sao pedro do sul,40,BR,1612988284,78,78.8,-29.6206,-54.1789,2.3
klyuchi,39,RU,1612988284,86,-24.2,52.2667,79.1667,6.85
rawlins,1,US,1612988284,51,35.6,41.7911,-107.2387,16.11
nishihara,90,JP,1612988285,77,64.4,26.1842,127.7558,19.57
trinidad,90,BO,1612988286,83,77.0,-14.8333,-64.9,10.36
ocean city,1,US,1612988288,44,37.99,39.2776,-74.5746,4.61
mabaruma,42,GY,1612988288,61,81.72,8.2,-59.7833,7.16
oksfjord,90,NO,1612988288,86,26.6,70.2396,22.3479,6.91
half moon bay,90,US,1612988289,76,61.0,37.4636,-122.4286,8.05
conceicao do araguaia,0,BR,1612988230,88,75.2,-8.2578,-49.2647,2.3
sinnamary,100,GF,1612988290,79,78.44,5.3833,-52.95,10.31
honningsvag,75,NO,1612988290,86,24.8,70.9821,25.9704,8.05
sovetskiy,0,RU,1612988291,86,-22.76,61.3614,63.5842,4.29
aanekoski,90,FI,1612988291,85,1.4,62.6946,25.818,6.91
bonnyville,75,CA,1612988291,52,-18.4,54.2668,-110.735,6.91
wainwright,100,CA,1612988291,69,-18.4,52.839,-110.8572,10.36
yumen,0,CN,1612988292,78,31.05,40.2833,97.2,9.95
dali,0,CN,1612988292,75,42.94,25.7,100.1833,4.38
raychikhinsk,99,RU,1612988292,93,0.57,49.7838,129.4121,6.08
bathsheba,40,BB,1612988293,57,82.4,13.2167,-59.5167,21.85
tautira,40,PF,1612988293,88,73.4,-17.7333,-149.15,21.85
banjar,20,ID,1612988293,89,78.8,-8.19,114.9675,4.61
dobrin,75,RO,1612988294,93,46.4,47.2833,23.1333,4.61
beckley,90,US,1612988294,93,41.0,37.7782,-81.1882,9.22
olga,0,RU,1612988294,92,14.16,43.7444,135.2892,4.09
acapulco,1,MX,1612988291,58,86.0,16.8634,-99.8901,8.05
olinda,40,BR,1612988297,69,80.6,-8.0089,-34.8553,10.36
tulun,100,RU,1612988298,93,3.43,54.5611,100.5792,4.63
nusaybin,83,TR,1612988299,66,53.96,37.0778,41.2178,5.68
krasnoselkup,100,RU,1612988299,87,-22.05,65.7,82.4667,5.3
dire dawa,33,ET,1612988300,43,63.37,9.5931,41.8661,1.19
chavakkad,100,IN,1612988300,83,73.4,10.5333,76.05,3.44
rabaul,71,PG,1612988300,79,80.2,-4.1967,152.1721,3.42
cherskiy,0,RU,1612988301,85,-10.44,68.75,161.3,2.84
pryozerne,26,UA,1612988302,93,48.52,45.2698,36.3303,10.0
casper,1,US,1612988197,66,6.8,42.8666,-106.3131,5.75
mareeba,75,AU,1612988302,94,77.0,-17.0,145.4333,2.3
iskateley,100,RU,1612988303,90,-9.87,67.6803,53.1512,5.35
iracoubo,100,GF,1612988304,78,78.19,5.4802,-53.2011,10.18
saint-augustin,100,CA,1612988304,96,14.97,51.226,-58.6502,12.01
albanel,64,CA,1612988304,56,10.4,48.8832,-72.4487,11.5
lampang,0,TH,1612988304,65,63.0,18.3333,99.5,1.77
bethanien,50,NA,1612988305,56,74.5,-26.502,17.1583,15.99
constantine,75,DZ,1612988305,93,51.8,36.365,6.6147,12.66
ugoofaaru,10,MV,1612988306,65,81.07,5.6667,73.0,6.15
buala,31,SB,1612988306,81,80.51,-8.145,159.5921,7.78
dera ghazi khan,0,PK,1612988306,31,61.3,30.0561,70.6348,5.44
kumluca,0,TR,1612988307,66,58.15,36.3703,30.2869,4.41
abu dhabi,20,AE,1612988237,83,71.6,24.4667,54.3667,3.44
faya,0,SA,1612988308,58,55.4,18.3851,42.4509,4.79
marienburg,67,PL,1612988309,87,16.0,54.0359,19.0266,3.04
basco,100,PH,1612988309,87,75.99,20.4487,121.9702,18.1
russell,75,US,1612988105,73,68.0,32.3502,-85.1999,5.08
moussoro,70,TD,1612988310,17,75.47,13.6408,16.4901,9.35
riverton,90,US,1612988065,49,48.99,40.5219,-111.9391,5.75
charters towers,11,AU,1612988310,90,71.78,-20.1,146.2667,8.01
indianola,75,US,1612988310,48,14.0,41.3581,-93.5574,11.5
coquimbo,40,CL,1612988311,68,68.0,-29.9533,-71.3436,10.36
kununurra,94,AU,1612988311,79,77.0,-15.7667,128.7333,2.01
jabinyanah,0,TN,1612988311,21,69.8,35.035,10.9081,11.5
tanout,0,NE,1612988311,16,73.56,14.9709,8.8879,11.3
puerto del rosario,75,ES,1612988311,68,68.0,28.5004,-13.8627,10.36
